id,pergunta,resposta,classificação,classe_auto,anotacao_manual,classe_final,origem_anotacao
1,O João e a Maria foram à festa?,A Maria foi.,Subinformativa,subinformativa,,subinformativa,automatica
2,O João e a Maria foram à festa?,Ninguém foi.,Sobreinformativa,sobreinformativa,,sobreinformativa,automatica
3,O João e a Maria foram à festa?,Sim.,Completa,indefinida,,indefinida,automatica
4,O Pedro e a Ana chegaram ao cinema?,A Ana chegou.,Subinformativa,subinformativa,,subinformativa,automatica
5,O Pedro e a Ana chegaram ao cinema?,Todos chegaram.,Sobreinformativa,sobreinformativa,,sobreinformativa,automatica
6,O Pedro e a Ana chegaram ao cinema?,Não chegaram.,Completa,completa,completa,completa,manual
7,A Giovana foi ao show com o Gabriel?,"Sim, foi",Completa,indefinida,completa,completa,manual
8,A Giovana foi ao show com o Gabriel?,Todo mundo foi.,Sobreinformativa,sobreinformativa,sobreinformativa,sobreinformativa,manual
9,A Giovana e a Fernanda foram ao show com o Gabriel?,A Fernanda foi.,Subinformativa,subinformativa,,subinformativa,automatica
10,O Rafael e a Laura participaram da reunião?,O Rafael participou.,Subinformativa,subinformativa,subinformativa,subinformativa,manual
11,O Rafael e a Laura participaram da reunião?,Ninguém participou.,Sobreinformativa,sobreinformativa,sobreinformativa,sobreinformativa,manual
12,O Rafael e a Laura participaram da reunião?,Não participaram. ,Completa,indefinida,,indefinida,automatica
13,A Ana e a Nicole falam japonês?,A Nicole fala.,Subinformativa,subinformativa,,subinformativa,automatica
14,A Ana e a Nicole falam japonês?,Não.,Completa,indefinida,,indefinida,automatica
15,A Ana e a Nicole falam japonês?,Ninguém fala.,Sobreinformativa,sobreinformativa,,sobreinformativa,automatica
16,Seu pai e sua mãe sabem dirigir?,Minha mãe sabe.,Subinformativa,indefinida,subinformativa,subinformativa,manual
17,Seu pai e sua mãe sabem dirigir?,Toda a minha família sabe.,Sobreinformativa,indefinida,,indefinida,automatica
18,Seu pai e sua mãe sabem dirigir?,"Sabem, sim.",Completa,indefinida,completa,completa,manual
19,O Caio e a Júlia conhecem a Raquel?,O Caio conhece.,Subinformativa,subinformativa,,subinformativa,automatica
20,O Caio e a Júlia conhecem a Raquel?,Todo mundo conhece,Sobreinformativa,sobreinformativa,sobreinformativa,sobreinformativa,manual
21,O Caio e a Júlia conhecem a Raquel?,Sim.,Completa,indefinida,,indefinida,automatica
22,Sua irmã e seu cunhado têm carro?,Meu cunhado tem.,Subinformativa,indefinida,,indefinida,automatica
23,Sua irmã e seu cunhado têm carro?,Ninguém próximo a mim tem.,Sobreinformativa,sobreinformativa,sobreinformativa,sobreinformativa,manual
24,Sua irmã e seu cunhado têm carro?,Eles têm.,Completa,indefinida,,indefinida,automatica
25,O Carlos e a Elci almoçaram?,A Elci almoçou.,Subinformativa,indefinida,subinformativa,subinformativa,manual
26,O Carlos e a Elci almoçaram?,Todo o grupo almoçou junto.,Sobreinformativa,indefinida,sobreinformativa,sobreinformativa,manual
27,O Carlos e a Elci almoçaram?,Almoçaram.,Completa,subinformativa,,subinformativa,automatica
28,O Ricardo e o Eric terminaram o trabalho?,O Ricardo terminou.,Subinformativa,subinformativa,,subinformativa,automatica
29,O Ricardo e o Eric terminaram o trabalho?,Ninguém terminou.,Sobreinformativa,sobreinformativa,,sobreinformativa,automatica
30,O Ricardo e o Eric terminaram o trabalho?,Não terminaram.,Completa,completa,,completa,automatica
31,Os alunos e os professores compraram os ingressos?,Os professores compraram.,Subinformativa,indefinida,subinformativa,subinformativa,manual
32,Os alunos e os professores compraram os ingressos?,Todos compraram.,Sobreinformativa,sobreinformativa,,sobreinformativa,automatica
33,Os alunos e os professores compraram os ingressos?,Não.,Completa,indefinida,,indefinida,automatica
34,Os adultos e as crianças gostaram do filme?,As crianças gostaram,Subinformativa,indefinida,subinformativa,subinformativa,manual
35,Os adultos e as crianças gostaram do filme?,Todo o público gostou.,Sobreinformativa,indefinida,,indefinida,automatica
36,Os adultos e as crianças gostaram do filme?,"Sim, eles gostaram.",Completa,completa,,completa,automatica
37,O advogado e o cliente aprovaram a proposta?,O advogado aprovou.,Subinformativa,subinformativa,,subinformativa,automatica
38,O advogado e o cliente aprovaram a proposta?,Ninguém presente aprovou.,Sobreinformativa,sobreinformativa,,sobreinformativa,automatica
39,O advogado e o cliente aprovaram a proposta?,Não aprovaram.,Completa,indefinida,,indefinida,automatica
40,O Ryan e a Bruna responderam à pergunta?,O Ryan respondeu.,Subinformativa,subinformativa,,subinformativa,automatica
41,O Ryan e a Bruna responderam à pergunta?,Toda a sala respondeu.,Sobreinformativa,indefinida,,indefinida,automatica
42,O Ryan e a Bruna responderam à pergunta?,Responderam.,Completa,indefinida,,indefinida,automatica
43,O professor e os alunos compareceram à aula?,O professor compareceu.,Subinformativa,subinformativa,subinformativa,subinformativa,manual
44,O professor e os alunos compareceram à aula?,Todos compareceram.,Sobreinformativa,sobreinformativa,,sobreinformativa,automatica
45,O professor e os alunos compareceram à aula?,"Sim, eles compareceram.",Completa,completa,,completa,automatica
46,A Cláudia e a Helena concluíram a tarefa?,A Helena concluiu.,Subinformativa,indefinida,subinformativa,subinformativa,manual
47,A Cláudia e a Helena concluíram a tarefa?,Todo mundo concluiu.,Sobreinformativa,sobreinformativa,sobreinformativa,sobreinformativa,manual
48,A Cláudia e a Helena concluíram a tarefa?,Não concluíram.,Completa,completa,,completa,automatica
49,Os cachorros e os gatos foram ao parque?,Os cachorros foram.,Subinformativa,subinformativa,,subinformativa,automatica
50,Os cachorros foram ao parque?,Nenhum animal foi.,Sobreinformativa,sobreinformativa,,sobreinformativa,automatica
51,Os cachorros foram ao parque?,Sim.,Completa,completa,,completa,automatica
52,O médico e o paciente chegaram à consulta?,O médico chegou.,Subinformativa,subinformativa,,subinformativa,automatica
53,O paciente chegou à consulta?,Todos chegaram.,Sobreinformativa,sobreinformativa,,sobreinformativa,automatica
54,O paciente chegou à consulta?,Chegou.,Completa,indefinida,,indefinida,automatica
55,O Lucas e o Tiago foram ao compromisso com a Lia?,O Lucas foi.,Subinformativa,subinformativa,,subinformativa,automatica
56,O Lucas foi ao compromisso com a Lia?,Ninguém foi.,Sobreinformativa,sobreinformativa,,sobreinformativa,automatica
57,O Lucas foi ao compromisso com a Lia?,Não foi.,Completa,indefinida,completa,completa,manual
58,O palhaço e a ginásta participaram do circo?,O palhaço participou.,Subinformativa,subinformativa,subinformativa,subinformativa,manual
59,O palhaço participou do circo?,Todo mundo participou.,Sobreinformativa,sobreinformativa,,sobreinformativa,automatica
60,O palhaço participou do circo?,"Sim, ele participou.",Completa,completa,completa,completa,manual
61,A Amanda e o Daniel falam espanhol?,O Daniel fala.,Subinformativa,subinformativa,subinformativa,subinformativa,manual
62,A Amanda fala espanhol?,Todos falam.,Sobreinformativa,sobreinformativa,,sobreinformativa,automatica
63,A Amanda fala espanhol?,"Não, ela não fala.",Completa,completa,,completa,automatica
64,A Elisa e a Isabel sabem tocar piano?,A Elisa sabe.,Subinformativa,subinformativa,subinformativa,subinformativa,manual
65,A Elisa sabe tocar piano?,Ninguém sabe.,Sobreinformativa,sobreinformativa,,sobreinformativa,automatica
66,A Elisa sabe tocar piano?,"Sim, sabe.",Completa,completa,,completa,automatica
67,A Melissa e o Roberto conhecem o Bruno?,O Roberto conhece.,Subinformativa,indefinida,subinformativa,subinformativa,manual
68,A Melissa conhece o Bruno?,Todo mundo conhece.,Sobreinformativa,sobreinformativa,,sobreinformativa,automatica
69,A Melissa conhece o Bruno?,Conhece.,Completa,indefinida,,indefinida,automatica
70,O Lucas e a Bruna têm apartamento?,A Bruna tem.,Subinformativa,indefinida,,indefinida,automatica
71,O Lucas tem apartamento?,Todos tem.,Sobreinformativa,sobreinformativa,,sobreinformativa,automatica
72,O Lucas tem apartamento?,Não tem.,Completa,completa,,completa,automatica
73,O carro e o ônibus bateram?,O carro bateu.,Subinformativa,subinformativa,subinformativa,subinformativa,manual
74,O carro bateu?,Nada bateu.,Sobreinformativa,sobreinformativa,sobreinformativa,sobreinformativa,manual
75,O carro bateu?,Bateu.,Completa,completa,,completa,automatica
76,A Ana e o Paulo leram o livro?,A Ana leu.,Subinformativa,subinformativa,subinformativa,subinformativa,manual
77,O Paulo leu o livro?,Ninguém leu.,Sobreinformativa,sobreinformativa,sobreinformativa,sobreinformativa,manual
78,O Paulo leu o livro?,Não leu.,Completa,completa,completa,completa,manual
79,A internet e a luz foram desligadas?,A luz foi.,Subinformativa,subinformativa,subinformativa,subinformativa,manual
80,A internet foi desligada?,Tudo foi.,Sobreinformativa,sobreinformativa,sobreinformativa,sobreinformativa,manual
81,A internet foi desligada?,Sim.,Completa,completa,,completa,automatica
82,O Marcelo e a Vanessa gostaram da festa?,O Marcelo gostou.,Subinformativa,subinformativa,,subinformativa,automatica
83,A Vanessa gostou da festa?,Todos gostaram.,Sobreinformativa,sobreinformativa,sobreinformativa,sobreinformativa,manual
84,A Vanessa gostou da festa?,Não.,Completa,completa,,completa,automatica
85,O brinco e o colar estão quebrados?,O colar está.,Subinformativa,indefinida,subinformativa,subinformativa,manual
86,O brinco está quebrado?,Nada está.,Sobreinformativa,sobreinformativa,,sobreinformativa,automatica
87,O brinco está quebrado?,"Sim, está.",Completa,indefinida,,indefinida,automatica
88,O vendedor e o gerente atenderam ao pedido?,O gerente atendeu.,Subinformativa,indefinida,,indefinida,automatica
89,O vendedor atendeu ao pedido?,Ninguém atendeu.,Sobreinformativa,sobreinformativa,,sobreinformativa,automatica
90,O vendedor atendeu ao pedido?,Não atendeu.,Completa,completa,,completa,automatica
91,O Caio e o Fernando compareceram ao evento?,O Caio compareceu.,Subinformativa,subinformativa,subinformativa,subinformativa,manual
92,O Fernando compareceu ao evento?,Todo mundo compareceu.,Sobreinformativa,sobreinformativa,,sobreinformativa,automatica
93,O Fernando compareceu ao evento?,"Sim, compareceu.",Completa,completa,completa,completa,manual
94,A Maria e a Ana concluíram o pedido?,A Maria concluiu.,Subinformativa,subinformativa,subinformativa,subinformativa,manual
95,A Maria concluiu o pedido?,Ninguém concluiu.,Sobreinformativa,sobreinformativa,,sobreinformativa,automatica
96,A Maria concluiu o pedido?,"Não, não concluiu.",Completa,indefinida,,indefinida,automatica
97,O avião e o helicótero decolaram?,O avião decolou.,Subinformativa,subinformativa,,subinformativa,automatica
98,O avião decolou?,Nada decolou.,Sobreinformativa,sobreinformativa,sobreinformativa,sobreinformativa,manual
99,O avião decolou?,Decolou.,Completa,completa,,completa,automatica
100,O pai e a mãe chegaram a tempo?,A mãe chegou.,Subinformativa,subinformativa,,subinformativa,automatica
101,O pai chegou a tempo?,Ninguém chegou.,Sobreinformativa,sobreinformativa,,sobreinformativa,automatica
102,O pai chegou a tempo?,"Sim, ele chegou.",Completa,completa,,completa,automatica
103,A Lisa e o João participaram do jogo?,O João participou.,Subinformativa,subinformativa,,subinformativa,automatica
104,A Lisa participou do jogo?,Todo mundo participou.,Sobreinformativa,sobreinformativa,,sobreinformativa,automatica
105,A Lisa participou do jogo?,"Não, não participou.",Completa,completa,completa,completa,manual
106,A diretora e o coordenador foram à apresentação das meninas?,A diretora foi.,Subinformativa,subinformativa,,subinformativa,automatica
107,O coordenador foi à apresentação das meninas?,Todos foram.,Sobreinformativa,sobreinformativa,,sobreinformativa,automatica
108,O coordenador foi à apresentação das meninas?,"Sim, ele foi.",Completa,indefinida,,indefinida,automatica
109,A Juliana e a Talita foram ao shopping com a Renata?,A Juliana foi.,Subinformativa,subinformativa,subinformativa,subinformativa,manual
110,A Juliana foi ao shopping com a Renata?,Ninguém foi.,Sobreinformativa,sobreinformativa,sobreinformativa,sobreinformativa,manual
111,A Juliana foi ao shopping com a Renata?,Não foi.,Completa,indefinida,,indefinida,automatica
112,O filho e o amigo fecharam a porta?,O amigo fechou.,Subinformativa,indefinida,subinformativa,subinformativa,manual
113,O filho fechou a porta?,Ninguém fechou.,Sobreinformativa,sobreinformativa,,sobreinformativa,automatica
114,O filho fechou a porta?,Sim.,Completa,completa,completa,completa,manual
115,A Marcela e a Joana conheceram o cachorro?,A Joana conheceu.,Subinformativa,indefinida,subinformativa,subinformativa,manual
116,A Marcela conheceu o cachorro?,Todos conheceram.,Sobreinformativa,sobreinformativa,,sobreinformativa,automatica
117,A Marcela conheceu o cachorro?,Conheceu.,Completa,indefinida,,indefinida,automatica
118,Os funcionários e as funcionárias falaram com o chefe?,Os funcionários falaram.,Subinformativa,subinformativa,,subinformativa,automatica
119,Os funcionários falaram com o chefe?,Todos falaram.,Sobreinformativa,sobreinformativa,sobreinformativa,sobreinformativa,manual
120,Os funcionários falaram com o chefe?,"Sim, eles falaram.",Completa,completa,completa,completa,manual
121,O Vitor e o Lucas foram ao trabalho?,O Lucas foi.,Subinformativa,subinformativa,,subinformativa,automatica
122,O Vitor foi ao trabalho?,Ninguém foi.,Sobreinformativa,sobreinformativa,,sobreinformativa,automatica
123,O Vitor foi ao trabalho?,Não foi.,Completa,indefinida,,indefinida,automatica
124,A Ana e a Paula chegaram à consulta?,A Ana chegou.,Subinformativa,subinformativa,,subinformativa,automatica
125,A Paula chegou à consulta?,Todos chegaram.,Sobreinformativa,sobreinformativa,sobreinformativa,sobreinformativa,manual
126,A Paula chegou à consulta?,"Sim, chegou.",Completa,indefinida,,indefinida,automatica
127,A dona e o dono levaram o cachorro ao veterinário?,A dona levou.,Subinformativa,subinformativa,subinformativa,subinformativa,manual
128,O dono levou o cachorro ao veterinário?,Todos levaram.,Sobreinformativa,sobreinformativa,,sobreinformativa,automatica
129,O dono levou o cachorro ao veterinário?,Levou.,Completa,indefinida,,indefinida,automatica
130,O Diego e a Bruna participaram do jogo?,O Diego participou.,Subinformativa,subinformativa,subinformativa,subinformativa,manual
131,A Bruna participou do jogo?,Ninguém participou.,Sobreinformativa,sobreinformativa,,sobreinformativa,automatica
132,A Bruna participou do jogo?,"Não, não participou.",Completa,completa,,completa,automatica
133,O Jairo e o Douglas falam alemão?,O Jairo fala. ,Subinformativa,subinformativa,,subinformativa,automatica
134,O Jairo fala alemão?,Todo mundo fala.,Sobreinformativa,sobreinformativa,,sobreinformativa,automatica
135,O Jairo fala alemão?,Sim.,Completa,completa,,completa,automatica
136,A cantora e o violinista sabem tocar violão?,A cantora sabe.,Subinformativa,subinformativa,,subinformativa,automatica
137,A cantora sabe tocar violão?,Todas sabem.,Sobreinformativa,sobreinformativa,,sobreinformativa,automatica
138,A cantora sabe tocar violão?,Claro que sabe.,Completa,completa,,completa,automatica
139,O Theo e a Charlotte conhecem a Amanda?,A Charlotte conhece.,Subinformativa,indefinida,,indefinida,automatica
140,O Theo conhece a Amanda?,Todos conhecem.,Sobreinformativa,sobreinformativa,,sobreinformativa,automatica
141,O Theo conhece a Amanda?,Óbvio.,Completa,indefinida,,indefinida,automatica
142,O Ricardo e a Marisa têm casa própria?,A Marisa tem.,Subinformativa,indefinida,,indefinida,automatica
143,O Ricardo e a Marisa têm casa própria?,Ninguém têm.,Sobreinformativa,sobreinformativa,,sobreinformativa,automatica
144,O Ricardo e a Marisa têm casa própria?,Aham.,Completa,indefinida,,indefinida,automatica
145,O Bruno e a Letícia foram ao parque?,O Bruno foi.,Subinformativa,subinformativa,subinformativa,subinformativa,manual
146,O Bruno foi ao parque?,Todo mundo foi.,Sobreinformativa,sobreinformativa,,sobreinformativa,automatica
147,O Bruno foi ao parque?,Não foi.,Completa,indefinida,,indefinida,automatica
148,A Melissa e a Isabela terminaram o filme?,A Melissa terminou.,Subinformativa,subinformativa,,subinformativa,automatica
149,A Melissa terminou o filme?,Todos terminaram.,Sobreinformativa,sobreinformativa,sobreinformativa,sobreinformativa,manual
150,A Melissa terminou o filme?,Claro que terminou.,Completa,completa,,completa,automatica
151,A Sílvia e o Mário compraram a moto?,O Mário comprou.,Subinformativa,indefinida,,indefinida,automatica
152,O Mário comprou a moto?,Nenhum amigo comprou.,Sobreinformativa,sobreinformativa,,sobreinformativa,automatica
153,O Mário comprou a moto?,Comprou. ,Completa,indefinida,completa,completa,manual
154,A Fernanda e a Mariana gostaram do restuarante?,A Mariana gostou.,Subinformativa,indefinida,,indefinida,automatica
155,A Mariana gostou do restaurante?,Todo mundo gostou.,Sobreinformativa,sobreinformativa,sobreinformativa,sobreinformativa,manual
156,A Mariana gostou do restaurante?,"Sim, claro que gostou.",Completa,completa,,completa,automatica
157,O site e a empresa aprovaram o pedido?,A empresa aprovou.,Subinformativa,indefinida,,indefinida,automatica
158,O site aprovou o pedido?,Tudo aprovou.,Sobreinformativa,sobreinformativa,sobreinformativa,sobreinformativa,manual
159,O site aprovou o pedido?,Aprovou.,Completa,indefinida,,indefinida,automatica
160,A Anna Helena e a Ângela responderam ao pedido?,A Anna Helena respondeu.,Subinformativa,subinformativa,,subinformativa,automatica
161,A Ângela respondeu ao pedido?,Ninguém respondeu.,Sobreinformativa,sobreinformativa,,sobreinformativa,automatica
162,A Ângela respondeu ao pedido?,Óbvio que respondeu.,Completa,indefinida,,indefinida,automatica
163,O Henrique e o Rodrigo compareceram à visita?,O Henrique compareceu.,Subinformativa,subinformativa,,subinformativa,automatica
164,O Henrique compareceu à visita?,Todos compareceram.,Sobreinformativa,sobreinformativa,sobreinformativa,sobreinformativa,manual
165,O Henrique compareceu à visita?,"Sim, ele compareceu.",Completa,indefinida,completa,completa,manual
166,O Márcio e o Rivo concluíram a conversa?,O Rivo concluiu. ,Subinformativa,indefinida,subinformativa,subinformativa,manual
167,O Márcio concluiu a conversa?,Ninguém concluiu.,Sobreinformativa,sobreinformativa,,sobreinformativa,automatica
168,O Márcio concluiu a conversa?,Não concluiu. ,Completa,indefinida,,indefinida,automatica
169,A Aline e o Marcel chegaram à cerimônia? ,A Aline chegou.,Subinformativa,subinformativa,,subinformativa,automatica
170,O Marcel chegou à cerimônia?,Todo mundo chegou.,Sobreinformativa,sobreinformativa,,sobreinformativa,automatica
171,O Marcel chegou à cerimônia?,Claro que chegou.,Completa,completa,,completa,automatica
172,O Roberto e a Lica foram à praia com a Júlia?,A Lica foi.,Subinformativa,subinformativa,,subinformativa,automatica
173,O Roberto foi à praia com a Júlia?,Ninguém foi.,Sobreinformativa,sobreinformativa,,sobreinformativa,automatica
174,O Roberto foi à praia com a Júlia?,"Sim, ele foi.",Completa,indefinida,completa,completa,manual
175,A Natália e a Luísa participaram da formatura?,A Luísa participou. ,Subinformativa,subinformativa,,subinformativa,automatica
176,A Luísa participou da formatura?,Todas participaram.,Sobreinformativa,sobreinformativa,sobreinformativa,sobreinformativa,manual
177,A Luísa participou da formatura?,Participou.,Completa,indefinida,,indefinida,automatica
178,O piso e as paredes estão molhadas?,O piso está.,Subinformativa,subinformativa,,subinformativa,automatica
179,O piso está molhado?,Tudo está.,Sobreinformativa,sobreinformativa,,sobreinformativa,automatica
180,O piso está molhado?,Não está.,Completa,indefinida,,indefinida,automatica
181,O Rafael e a Melissa foram ao parque?,A Melissa foi.,Subinformativa,subinformativa,subinformativa,subinformativa,manual
182,O Rafael foi ao parque?,Todos foram.,Sobreinformativa,sobreinformativa,,sobreinformativa,automatica
183,O Rafael foi ao parque?,Sim.,Completa,completa,completa,completa,manual
184,O Tiago e a Vanessa chegaram à festa?,A Vanessa chegou.,Subinformativa,subinformativa,,subinformativa,automatica
185,O Tiago chegou à festa?,Ninguém chegou.,Sobreinformativa,sobreinformativa,,sobreinformativa,automatica
186,O Tiago chegou à festa?,Chegou.,Completa,indefinida,completa,completa,manual
187,O Caio e a Marcela estudaram para a prova?,A Marcela estudou.,Subinformativa,sobreinformativa,subinformativa,subinformativa,manual
188,O Caio estudou para a prova?,Todos estudaram.,Sobreinformativa,sobreinformativa,,sobreinformativa,automatica
189,O Caio estudou para a prova?,Não.,Completa,completa,,completa,automatica
190,O Caio e a Mariana compraram o presente?,A Mariana comprou.,Subinformativa,indefinida,,indefinida,automatica
191,O Caio comprou o presente?,Todos compraram.,Sobreinformativa,sobreinformativa,,sobreinformativa,automatica
192,O Caio comprou o presente?,Comprou.,Completa,indefinida,,indefinida,automatica
193,O Gabriel e a Renata viram o filme?,A Renata viu.,Subinformativa,indefinida,subinformativa,subinformativa,manual
194,O Gabriel viu o filme?,Todo mundo viu.,Sobreinformativa,sobreinformativa,sobreinformativa,sobreinformativa,manual
195,O Gabriel viu o filme?,"Sim, ele viu.",Completa,indefinida,,indefinida,automatica
196,O Gabriel e a Mariana falaram com o diretor?,A Mariana falou.,Subinformativa,subinformativa,,subinformativa,automatica
197,O Gabriel falou com o diretor?,Todos falaram.,Sobreinformativa,sobreinformativa,sobreinformativa,sobreinformativa,manual
198,O Gabriel falou com o diretor?,Falou.,Completa,indefinida,,indefinida,automatica
199,O Rafael e a Maria terminaram o relatório?,A Maria terminou.,Subinformativa,indefinida,,indefinida,automatica
200,O Rafael terminou o relatório?,Todos terminaram.,Sobreinformativa,sobreinformativa,,sobreinformativa,automatica
201,O Rafael terminou o relatório?,Não terminou.,Completa,completa,,completa,automatica
202,O Caio e a Talita gostaram da viagem?,A Talita gostou.,Subinformativa,indefinida,,indefinida,automatica
203,O Caio gostou da viagem?,Ninguém gostou.,Sobreinformativa,sobreinformativa,,sobreinformativa,automatica
204,O Caio gostou da viagem?,"Sim, gostou.",Completa,completa,completa,completa,manual
205,O Gabriel e a Paula conheceram o museu?,A Paula conheceu.,Subinformativa,indefinida,,indefinida,automatica
206,O Gabriel conheceu o museu?,Todo mundo conheceu.,Sobreinformativa,sobreinformativa,,sobreinformativa,automatica
207,O Gabriel conheceu o museu?,Não.,Completa,completa,,completa,automatica
208,O Caio e a Bruna participaram do evento?,A Bruna participou.,Subinformativa,subinformativa,,subinformativa,automatica
209,O Caio participou do evento?,Todos participaram.,Sobreinformativa,sobreinformativa,,sobreinformativa,automatica
210,O Caio participou do evento?,Participou.,Completa,indefinida,,indefinida,automatica
211,O Henrique e a Mariana comeram a pizza?,A Mariana comeu.,Subinformativa,indefinida,,indefinida,automatica
212,O Henrique comeu a pizza?,Ninguém comeu.,Sobreinformativa,sobreinformativa,sobreinformativa,sobreinformativa,manual
213,O Henrique comeu a pizza?,Não comeu.,Completa,indefinida,,indefinida,automatica
214,O arroz e o feijão estão salgados?,O arroz está.,Subinformativa,subinformativa,,subinformativa,automatica
215,O arroz está salgado?,Nada está.,Sobreinformativa,sobreinformativa,,sobreinformativa,automatica
216,O arroz está salgado?,Não está.,Completa,indefinida,completa,completa,manual
217,O Otávio e o Lucca foram ao jogo?,O Lucca foi.,Subinformativa,subinformativa,,subinformativa,automatica
218,O Otávio foi ao jogo?,Ninguém foi. ,Sobreinformativa,sobreinformativa,,sobreinformativa,automatica
219,O Otávio foi ao jogo?,Foi.,Completa,indefinida,completa,completa,manual
220,A Iasmin e a Luana chegaram ao teatro?,A Luana chegou.,Subinformativa,subinformativa,,subinformativa,automatica
221,A Luana chegou ao teatro?,Todo mundo chegou.,Sobreinformativa,sobreinformativa,,sobreinformativa,automatica
222,A Luana chegou ao teatro?,"Sim, chegou.",Completa,indefinida,completa,completa,manual
223,O Eduardo e o Pedro Henrique foram à igreja com as crianças?,O Eduardo foi.,Subinformativa,subinformativa,,subinformativa,automatica
224,O Eduardo foi à igreja com as crianças?,Ninguém foi.,Sobreinformativa,sobreinformativa,,sobreinformativa,automatica
225,O Eduardo foi à igreja com as crianças?,Foi.,Completa,indefinida,,indefinida,automatica
226,O João Paulo e a Vitória participaram da viagem?,A Vitória participou.,Subinformativa,subinformativa,,subinformativa,automatica
227,O João Paulo participou da viagem?,Ninguém participou.,Sobreinformativa,sobreinformativa,sobreinformativa,sobreinformativa,manual
228,O João Paulo participou da viagem?,Sim.,Completa,completa,,completa,automatica
229,A Nívia e a Joyce falam italiano?,A Joyce fala.,Subinformativa,subinformativa,,subinformativa,automatica
230,A Joyce fala italiano?,Todas elas falam.,Sobreinformativa,sobreinformativa,sobreinformativa,sobreinformativa,manual
231,A Joyce fala italiano?,Não fala.,Completa,completa,completa,completa,manual
232,A Gabi e a Fernanda sabem andar a cavalo?,A Gabi sabe.,Subinformativa,subinformativa,subinformativa,subinformativa,manual
233,A Gabi sabe andar a cavalo?,Todo mundo sabe.,Sobreinformativa,sobreinformativa,sobreinformativa,sobreinformativa,manual
234,A Gabi sabe andar a cavalo?,Sabe.,Completa,indefinida,completa,completa,manual
235,O Jean e o Eric conhecem o Jorge?,O Jean conhece.,Subinformativa,subinformativa,subinformativa,subinformativa,manual
236,O Eric conhece o Jorge?,Ninguém conhece.,Sobreinformativa,sobreinformativa,,sobreinformativa,automatica
237,O Eric conhece o Jorge?,"Não, não conhece.",Completa,completa,,completa,automatica
238,A Iane e a Catarina têm um lugar para ficar?,A Catarina tem.,Subinformativa,indefinida,subinformativa,subinformativa,manual
239,A Catarina tem um lugar para ficar?,Ninguém têm.,Sobreinformativa,sobreinformativa,sobreinformativa,sobreinformativa,manual
240,A Catarina tem um lugar para ficar?,"Tem, sim.",Completa,indefinida,completa,completa,manual
241,A Duda e a Ana viram o show?,A Duda viu.,Subinformativa,subinformativa,,subinformativa,automatica
242,A Duda viu o show?,Todo mundo viu.,Sobreinformativa,sobreinformativa,,sobreinformativa,automatica
243,A Duda viu o show?,Não viu.,Completa,indefinida,,indefinida,automatica
244,A Maisa e a Larissa terminaram de ensaiar?,A Larissa terminou.,Subinformativa,indefinida,,indefinida,automatica
245,A Larissa terminou de ensaiar?,Todos terminaram.,Sobreinformativa,sobreinformativa,,sobreinformativa,automatica
246,A Larissa terminou de ensaiar?,Terminou.,Completa,indefinida,,indefinida,automatica
247,O Gustavo e a Sofia compraram os livros?,A Sofia comprou.,Subinformativa,indefinida,,indefinida,automatica
248,O Gustavo comprou os livros?,Nenhum deles comprou.,Sobreinformativa,sobreinformativa,,sobreinformativa,automatica
249,O Gustavo comprou os livros?,Não comprou.,Completa,completa,,completa,automatica
250,O Guilherme e o Bruno gostaram do congresso?,O Guilherme gostou.,Subinformativa,subinformativa,subinformativa,subinformativa,manual
251,O Gui gostou do congresso?,Todos gostaram.,Sobreinformativa,sobreinformativa,sobreinformativa,sobreinformativa,manual
252,O Gui gostou do congresso?,Gostou.,Completa,indefinida,,indefinida,automatica
253,A secretária e o recepcionista cancelaram o agendamento?,O recepcionista cancelou.,Subinformativa,indefinida,,indefinida,automatica
254,A secretária cancelou o agendamento?,Ninguém cancelou.,Sobreinformativa,sobreinformativa,,sobreinformativa,automatica
255,A secretária cancelou o agendamento?,Sim.,Completa,completa,,completa,automatica
256,O banco e a agência concederam o empréstimo?,O banco concedeu.,Subinformativa,subinformativa,,subinformativa,automatica
257,O banco concedeu o empréstimo?,Nada concedeu.,Sobreinformativa,sobreinformativa,sobreinformativa,sobreinformativa,manual
258,O banco concedeu o empréstimo?,Não.,Completa,completa,,completa,automatica
259,Os clientes e os funcionários compareceram à reunião?,Os clientes compareceram.,Subinformativa,subinformativa,,subinformativa,automatica
260,Os funcionários compareceram à reunião?,Todo mundo compareceu.,Sobreinformativa,sobreinformativa,,sobreinformativa,automatica
261,Os funcionários compareceram à reunião?,Claro que compareceram.,Completa,completa,,completa,automatica
262,O celular e o notebook terminaram de carregar?,O celular terminou.,Subinformativa,subinformativa,,subinformativa,automatica
263,O celular terminou de carregar?,Tudo terminou.,Sobreinformativa,sobreinformativa,,sobreinformativa,automatica
264,O celular terminou de carregar?,Não terminou.,Completa,completa,,completa,automatica
265,O noivo e a noiva pagaram o casamento?,O noivo pagou.,Subinformativa,subinformativa,,subinformativa,automatica
266,O noivo pagou o casamento?,Todos pagaram.,Sobreinformativa,sobreinformativa,,sobreinformativa,automatica
267,O noivo pagou o casamento?,Pagou.,Completa,indefinida,completa,completa,manual
268,O diretor e o ator apareceram no filme?,O ator apareceu.,Subinformativa,indefinida,,indefinida,automatica
269,O diretor apareceu no filme?,Todo mundo apareceu.,Sobreinformativa,sobreinformativa,,sobreinformativa,automatica
270,O diretor apareceu no filme?,Não.,Completa,completa,,completa,automatica
271,O professor e o aluno falam inglês bem?,O professor fala.,Subinformativa,subinformativa,,subinformativa,automatica
272,O professor fala inglês bem?,Ninguém fala.,Sobreinformativa,sobreinformativa,,sobreinformativa,automatica
273,O professor fala inglês bem?,"Sim, ele fala.",Completa,completa,,completa,automatica
274,O Pablo e o Guga lutam karatê?,O Pablo luta.,Subinformativa,subinformativa,,subinformativa,automatica
275,O Pablo luta karatê?,Todos eles lutam.,Sobreinformativa,sobreinformativa,,sobreinformativa,automatica
276,O Pablo luta karatê?,Sim.,Completa,completa,,completa,automatica
277,A Luna e a Laura escreveram o livro?,A Laura escreveu.,Subinformativa,indefinida,,indefinida,automatica
278,A Laura escreveu o livro?,Ninguém escreveu.,Sobreinformativa,sobreinformativa,,sobreinformativa,automatica
279,A Laura escreveu o livro?,Escreveu.,Completa,indefinida,completa,completa,manual
280,A Maria e o Robson separaram?,A Maria separou.,Subinformativa,subinformativa,,subinformativa,automatica
281,A Maria separou?,Ninguém separou.,Sobreinformativa,sobreinformativa,,sobreinformativa,automatica
282,A Maria separou?,Não separou.,Completa,completa,completa,completa,manual
283,O Lucas e o João furtaram a loja?,O Lucas furtou.,Subinformativa,subinformativa,subinformativa,subinformativa,manual
284,O João furtou a loja?,Todos furtaram.,Sobreinformativa,sobreinformativa,,sobreinformativa,automatica
285,O João furtou a loja?,Sim.,Completa,completa,,completa,automatica
286,O cartão e a carteira foram roubadas?,O cartão foi.,Subinformativa,subinformativa,,subinformativa,automatica
287,O cartão foi roubado?,Tudo foi.,Sobreinformativa,sobreinformativa,sobreinformativa,sobreinformativa,manual
288,O cartão foi roubado?,Foi.,Completa,indefinida,,indefinida,automatica
289,A senha e a digital estão corretas?,A digital está.,Subinformativa,indefinida,subinformativa,subinformativa,manual
290,A senha está correta?,Nada está.,Sobreinformativa,sobreinformativa,sobreinformativa,sobreinformativa,manual
291,A senha está correta?,Não.,Completa,completa,,completa,automatica
292,A Patrícia e a Naty são do sul?,A Nat é.,Subinformativa,indefinida,,indefinida,automatica
293,A Paty é do sul?,Nenhuma é.,Sobreinformativa,sobreinformativa,,sobreinformativa,automatica
294,A Paty é do sul?,"É, sim.",Completa,indefinida,,indefinida,automatica
295,Samuel e Beatriz jogam sinuca?,A Beatriz joga.,Subinformativa,indefinida,,indefinida,automatica
296,A Beatriz joga sinuca?,Ninguém joga.,Sobreinformativa,sobreinformativa,sobreinformativa,sobreinformativa,manual
297,A Beatriz joga sinuca?,Joga.,Completa,indefinida,,indefinida,automatica
298,O Vinícius e o Kauã são primos da Letícia?,O Vinícius é.,Subinformativa,subinformativa,subinformativa,subinformativa,manual
299,O Vini é primo da Letícia?,Todos são.,Sobreinformativa,sobreinformativa,,sobreinformativa,automatica
300,O Vini é primo da Letícia?,Sim.,Completa,completa,,completa,automatica
